IP Address,Port,Code,Country,Anonymity,Google,Https,Last Checked
188.166.83.17,3128,NL,Netherlands,anonymous,no,no,2 seconds ago
193.70.96.193,80,FR,France,anonymous,no,no,2 seconds ago
187.17.145.237,30279,BR,Brazil,elite proxy,no,yes,2 seconds ago
191.96.42.80,3128,US,United States,anonymous,no,no,2 seconds ago
88.198.24.108,8080,DE,Germany,anonymous,no,no,2 seconds ago
194.182.87.125,8080,CZ,Czech Republic,anonymous,no,no,2 seconds ago
80.188.239.106,39271,CZ,Czech Republic,elite proxy,no,no,2 seconds ago
167.71.171.243,80,US,United States,elite proxy,no,no,2 seconds ago
95.85.36.236,8080,NL,Netherlands,anonymous,no,no,2 seconds ago
200.89.178.182,80,AR,Argentina,anonymous,no,no,2 seconds ago
179.108.169.71,8080,BR,Brazil,elite proxy,no,yes,2 seconds ago
175.28.14.2,80,MY,Malaysia,anonymous,no,no,2 seconds ago
103.106.119.154,8080,BD,Bangladesh,elite proxy,no,yes,2 seconds ago
36.89.8.234,8080,ID,Indonesia,elite proxy,no,no,2 seconds ago
110.74.221.18,53348,KH,Cambodia,elite proxy,no,yes,2 seconds ago
58.152.48.166,80,HK,Hong Kong,anonymous,no,no,2 seconds ago
202.162.222.118,46526,ID,Indonesia,elite proxy,no,yes,2 seconds ago
203.202.245.62,80,BD,Bangladesh,anonymous,no,no,2 seconds ago
47.89.28.193,1080,HK,Hong Kong,anonymous,no,no,2 seconds ago
138.68.161.14,3128,GB,United Kingdom,anonymous,no,no,2 seconds ago
185.143.172.48,8118,RU,Russian Federation,elite proxy,no,no,2 seconds ago
119.81.71.27,8123,SG,Singapore,elite proxy,no,no,2 seconds ago
212.175.167.137,80,TR,Turkey,anonymous,no,no,2 seconds ago
207.154.231.216,3128,DE,Germany,anonymous,no,no,2 seconds ago
92.255.196.91,8080,RU,Russian Federation,elite proxy,no,yes,2 seconds ago
87.97.155.156,41312,BG,Bulgaria,elite proxy,no,no,2 seconds ago
138.68.24.145,8080,US,United States,anonymous,no,no,2 seconds ago
151.253.165.70,8080,AE,United Arab Emirates,elite proxy,no,yes,2 seconds ago
139.59.62.255,3128,IN,India,anonymous,no,no,2 seconds ago
15.164.27.100,3128,KR,Korea,elite proxy,no,yes,2 seconds ago
187.141.164.242,31120,MX,Mexico,elite proxy,no,yes,2 seconds ago
139.59.169.246,8080,GB,United Kingdom,anonymous,no,no,2 seconds ago
220.227.245.36,3128,IN,India,elite proxy,no,yes,2 seconds ago
206.72.203.42,80,US,United States,elite proxy,no,no,2 seconds ago
169.57.1.84,8080,MX,Mexico,elite proxy,no,no,2 seconds ago
186.250.29.1,53281,BR,Brazil,elite proxy,no,no,2 seconds ago
104.43.244.233,80,US,United States,elite proxy,no,no,2 seconds ago
103.78.213.226,45075,ID,Indonesia,elite proxy,no,yes,2 seconds ago
185.252.144.77,80,FI,Finland,transparent,no,no,2 seconds ago
47.75.32.210,1080,HK,Hong Kong,anonymous,no,no,2 seconds ago
67.205.149.230,8080,US,United States,anonymous,no,no,2 seconds ago
139.59.53.107,3128,IN,India,anonymous,no,no,2 seconds ago
212.175.167.135,80,TR,Turkey,anonymous,no,no,2 seconds ago
150.109.32.166,80,HK,Hong Kong,anonymous,no,no,2 seconds ago
113.53.230.167,80,TH,Thailand,anonymous,no,no,2 seconds ago
36.89.182.193,39382,ID,Indonesia,elite proxy,no,no,2 seconds ago
52.37.86.231,8118,US,United States,transparent,no,no,1 minute ago
167.99.200.201,3128,GB,United Kingdom,elite proxy,no,no,1 minute ago
182.48.94.238,8080,BD,Bangladesh,anonymous,no,yes,1 minute ago
175.100.180.131,53281,IN,India,elite proxy,no,no,1 minute ago
159.203.31.27,8118,CA,Canada,elite proxy,no,no,1 minute ago
162.144.220.192,80,US,United States,elite proxy,no,no,1 minute ago
79.172.214.2,4000,HU,Hungary,elite proxy,no,no,1 minute ago
61.19.40.50,57474,TH,Thailand,elite proxy,no,yes,1 minute ago
69.65.65.178,34548,US,United States,elite proxy,no,no,1 minute ago
87.103.211.189,3128,RU,Russian Federation,elite proxy,no,yes,1 minute ago
202.166.207.58,34260,NP,Nepal,elite proxy,no,no,1 minute ago
216.228.69.202,32170,US,United States,elite proxy,no,no,1 minute ago
95.0.219.231,23500,TR,Turkey,elite proxy,no,yes,1 minute ago
181.196.254.202,53281,EC,Ecuador,elite proxy,no,no,1 minute ago
18.139.137.106,80,SG,Singapore,elite proxy,no,no,1 minute ago
170.246.152.106,56838,NI,Nicaragua,elite proxy,no,no,1 minute ago
154.127.120.18,30280,ZA,South Africa,elite proxy,no,yes,1 minute ago
92.222.180.156,8080,FR,France,anonymous,no,no,1 minute ago
91.207.60.241,1182,UA,Ukraine,elite proxy,no,no,1 minute ago
185.64.24.78,80,OM,Oman,elite proxy,no,no,1 minute ago
109.245.239.125,55311,RS,Serbia,elite proxy,no,no,1 minute ago
178.63.246.83,8118,DE,Germany,elite proxy,no,no,1 minute ago
109.110.73.106,32479,UA,Ukraine,elite proxy,no,no,1 minute ago
62.201.220.50,43031,IQ,Iraq,elite proxy,no,no,1 minute ago
202.158.49.140,56687,ID,Indonesia,elite proxy,no,no,1 minute ago
50.233.228.147,8080,US,United States,anonymous,no,yes,1 minute ago
62.122.201.170,40714,UA,Ukraine,elite proxy,no,yes,1 minute ago
78.29.42.10,4550,RU,Russian Federation,elite proxy,no,no,1 minute ago
182.52.51.36,52165,TH,Thailand,elite proxy,no,yes,1 minute ago
181.52.85.249,36107,CO,Colombia,elite proxy,no,no,1 minute ago
175.28.14.123,80,MY,Malaysia,anonymous,no,no,2 minutes ago
194.167.44.91,80,FR,France,anonymous,no,no,2 minutes ago
142.93.0.203,3128,US,United States,anonymous,no,no,2 minutes ago
200.89.178.217,8080,AR,Argentina,anonymous,no,no,2 minutes ago
200.89.178.214,3128,AR,Argentina,anonymous,no,no,2 minutes ago
193.213.89.72,51024,NO,Norway,elite proxy,no,yes,2 minutes ago
185.122.252.99,80,IQ,Iraq,elite proxy,no,no,2 minutes ago
83.174.203.222,43399,RU,Russian Federation,elite proxy,no,no,2 minutes ago
103.12.160.200,53281,KH,Cambodia,elite proxy,no,no,2 minutes ago
81.95.131.10,44292,RU,Russian Federation,elite proxy,no,no,2 minutes ago
162.248.247.153,32592,US,United States,elite proxy,no,no,2 minutes ago
165.227.36.147,8080,CA,Canada,anonymous,no,no,2 minutes ago
103.216.82.198,46123,IN,India,elite proxy,no,no,2 minutes ago
200.68.38.30,8080,CL,Chile,anonymous,no,yes,2 minutes ago
188.166.83.20,3128,NL,Netherlands,anonymous,no,no,2 minutes ago
190.111.231.8,8080,AR,Argentina,elite proxy,no,yes,2 minutes ago
47.74.8.220,3128,JP,Japan,elite proxy,no,yes,2 minutes ago
182.52.90.43,33326,TH,Thailand,elite proxy,no,no,2 minutes ago
200.89.178.208,3128,AR,Argentina,anonymous,no,no,2 minutes ago
172.80.253.50,3128,IR,Iran,anonymous,no,yes,2 minutes ago
103.111.54.26,49781,ID,Indonesia,elite proxy,no,no,2 minutes ago
118.173.233.80,31559,TH,Thailand,elite proxy,no,yes,2 minutes ago
178.20.137.178,43980,CZ,Czech Republic,elite proxy,no,no,2 minutes ago
128.199.131.129,3128,SG,Singapore,anonymous,no,no,2 minutes ago
176.98.76.203,40328,UA,Ukraine,elite proxy,no,no,2 minutes ago
134.249.165.49,53281,UA,Ukraine,elite proxy,no,yes,2 minutes ago
191.243.217.1,53281,BR,Brazil,transparent,no,no,3 minutes ago
139.255.86.189,8082,ID,Indonesia,transparent,no,no,5 minutes ago
178.169.196.87,48834,BG,Bulgaria,elite proxy,no,yes,10 minutes ago
185.138.69.110,39274,CZ,Czech Republic,elite proxy,no,yes,10 minutes ago
103.254.167.74,43515,BD,Bangladesh,anonymous,no,yes,10 minutes ago
31.192.139.118,53281,RU,Russian Federation,elite proxy,no,yes,10 minutes ago
62.140.252.72,47766,RU,Russian Federation,elite proxy,no,yes,10 minutes ago
104.248.20.135,80,DE,Germany,elite proxy,no,yes,10 minutes ago
190.167.215.170,52479,DO,Dominican Republic,elite proxy,no,yes,10 minutes ago
176.120.37.82,59365,UA,Ukraine,anonymous,no,yes,10 minutes ago
103.49.221.27,8080,ID,Indonesia,anonymous,no,yes,10 minutes ago
194.246.105.27,41258,UA,Ukraine,elite proxy,no,yes,10 minutes ago
103.251.225.13,34052,IN,India,elite proxy,no,yes,10 minutes ago
91.205.80.208,41258,IT,Italy,anonymous,no,yes,10 minutes ago
139.255.96.133,53281,ID,Indonesia,elite proxy,no,yes,10 minutes ago
186.225.45.13,45974,BR,Brazil,elite proxy,no,yes,10 minutes ago
194.226.61.18,51310,RU,Russian Federation,elite proxy,no,yes,10 minutes ago
191.98.198.42,50858,PA,Panama,elite proxy,no,yes,10 minutes ago
185.37.211.222,50330,PT,Portugal,elite proxy,no,yes,10 minutes ago
194.213.43.166,38170,CZ,Czech Republic,elite proxy,no,yes,10 minutes ago
83.171.99.160,57659,RU,Russian Federation,elite proxy,no,yes,10 minutes ago
1.20.102.228,59054,TH,Thailand,elite proxy,no,yes,10 minutes ago
200.32.51.179,8080,AR,Argentina,elite proxy,no,yes,10 minutes ago
186.86.247.169,39168,CO,Colombia,elite proxy,no,yes,10 minutes ago
125.25.165.97,39021,TH,Thailand,elite proxy,no,yes,10 minutes ago
182.53.197.202,54261,TH,Thailand,elite proxy,no,yes,10 minutes ago
223.25.101.242,59504,ID,Indonesia,elite proxy,no,yes,10 minutes ago
27.68.135.14,30199,VN,Vietnam,elite proxy,no,yes,10 minutes ago
88.248.23.216,36426,TR,Turkey,anonymous,no,yes,10 minutes ago
170.82.231.26,36643,BR,Brazil,elite proxy,no,yes,10 minutes ago
185.158.127.9,53281,ES,Spain,elite proxy,no,yes,10 minutes ago
103.57.192.138,53281,ID,Indonesia,elite proxy,no,yes,10 minutes ago
78.110.154.177,59888,RU,Russian Federation,elite proxy,no,yes,10 minutes ago
195.211.30.115,34902,RU,Russian Federation,elite proxy,no,yes,10 minutes ago
191.241.226.230,53281,BR,Brazil,elite proxy,no,yes,10 minutes ago
36.79.131.162,8080,ID,Indonesia,elite proxy,no,yes,10 minutes ago
168.194.15.142,59965,BR,Brazil,elite proxy,no,yes,10 minutes ago
85.223.157.204,40329,UA,Ukraine,elite proxy,no,yes,10 minutes ago
165.98.53.38,35332,NI,Nicaragua,elite proxy,no,yes,10 minutes ago
118.175.93.25,31596,TH,Thailand,elite proxy,no,yes,10 minutes ago
31.41.92.154,23500,UA,Ukraine,elite proxy,no,yes,10 minutes ago
178.134.123.38,8888,GE,Georgia,elite proxy,no,yes,10 minutes ago
96.9.80.62,45557,KH,Cambodia,elite proxy,no,yes,10 minutes ago
177.99.206.82,8080,BR,Brazil,elite proxy,no,yes,10 minutes ago
114.5.195.226,8080,ID,Indonesia,anonymous,no,yes,10 minutes ago
46.201.235.229,3128,UA,Ukraine,elite proxy,no,no,11 minutes ago
93.88.107.125,34626,IT,Italy,elite proxy,no,no,11 minutes ago
185.128.37.4,8080,IQ,Iraq,anonymous,no,yes,11 minutes ago
150.129.56.138,31111,ID,Indonesia,elite proxy,no,yes,11 minutes ago
118.175.93.189,49774,TH,Thailand,elite proxy,no,no,11 minutes ago
202.150.139.46,59979,ID,Indonesia,elite proxy,no,no,11 minutes ago
194.8.136.62,55155,RU,Russian Federation,elite proxy,no,no,11 minutes ago
183.88.244.87,8080,TH,Thailand,elite proxy,no,yes,11 minutes ago
77.66.203.114,33097,RU,Russian Federation,elite proxy,no,no,11 minutes ago
200.206.50.66,42515,BR,Brazil,elite proxy,no,yes,11 minutes ago
187.190.237.67,32509,MX,Mexico,elite proxy,no,no,11 minutes ago
27.116.20.169,36630,IN,India,elite proxy,no,no,11 minutes ago
124.219.176.139,39589,JP,Japan,elite proxy,no,no,11 minutes ago
125.18.105.238,36937,IN,India,elite proxy,no,no,11 minutes ago
124.41.213.201,33173,NP,Nepal,elite proxy,no,no,11 minutes ago
187.120.253.119,30181,BR,Brazil,elite proxy,no,yes,11 minutes ago
27.2.7.59,52148,VN,Vietnam,elite proxy,no,no,11 minutes ago
46.151.60.99,30428,SK,Slovakia,elite proxy,no,yes,11 minutes ago
113.53.82.92,39726,TH,Thailand,elite proxy,no,no,11 minutes ago
36.67.42.39,35273,ID,Indonesia,elite proxy,no,no,11 minutes ago
47.89.31.42,1080,HK,Hong Kong,anonymous,no,no,11 minutes ago
159.138.22.112,80,HK,Hong Kong,anonymous,no,no,11 minutes ago
159.203.91.6,8080,US,United States,anonymous,no,no,11 minutes ago
210.56.244.65,8080,AU,Australia,elite proxy,no,yes,11 minutes ago
51.38.71.101,8080,GB,United Kingdom,elite proxy,no,yes,11 minutes ago
103.15.167.122,41787,BD,Bangladesh,elite proxy,no,yes,11 minutes ago
91.92.80.25,60594,BG,Bulgaria,elite proxy,no,yes,11 minutes ago
5.135.181.83,80,FR,France,anonymous,no,no,11 minutes ago
159.224.243.185,37793,UA,Ukraine,elite proxy,no,yes,11 minutes ago
85.214.215.40,8118,DE,Germany,elite proxy,no,yes,11 minutes ago
119.93.152.192,49889,PH,Philippines,elite proxy,no,no,11 minutes ago
193.34.55.64,46558,PL,Poland,elite proxy,no,yes,11 minutes ago
23.101.2.247,81,HK,Hong Kong,anonymous,no,no,11 minutes ago
169.57.157.146,8123,BR,Brazil,elite proxy,no,no,11 minutes ago
173.212.202.65,80,DE,Germany,elite proxy,no,no,11 minutes ago
138.197.204.55,8080,US,United States,anonymous,no,no,11 minutes ago
150.129.58.190,31111,ID,Indonesia,transparent,no,no,11 minutes ago
159.65.151.96,8080,IN,India,anonymous,no,no,11 minutes ago
212.220.216.70,8080,RU,Russian Federation,anonymous,no,no,11 minutes ago
138.68.165.154,3128,GB,United Kingdom,anonymous,no,no,11 minutes ago
78.60.203.75,60401,LT,Lithuania,elite proxy,no,yes,11 minutes ago
118.27.31.50,3128,JP,Japan,elite proxy,no,yes,11 minutes ago
200.89.178.216,80,AR,Argentina,anonymous,no,no,11 minutes ago
68.183.214.214,80,DE,Germany,anonymous,no,no,11 minutes ago
61.5.9.219,3128,ID,Indonesia,elite proxy,no,yes,11 minutes ago
45.70.218.174,3128,BR,Brazil,anonymous,no,yes,11 minutes ago
200.255.122.170,8080,BR,Brazil,anonymous,no,yes,11 minutes ago
173.242.102.241,53603,US,United States,elite proxy,no,no,11 minutes ago
60.248.199.206,80,TW,Taiwan,elite proxy,no,no,11 minutes ago
159.8.114.37,8123,FR,France,elite proxy,no,no,11 minutes ago
181.30.28.14,3128,AR,Argentina,anonymous,no,no,11 minutes ago
91.92.10.112,8080,BG,Bulgaria,elite proxy,no,no,13 minutes ago
111.92.240.134,30598,KH,Cambodia,elite proxy,no,yes,13 minutes ago
130.0.25.46,34964,AL,Albania,elite proxy,no,no,13 minutes ago
190.152.223.2,37994,EC,Ecuador,elite proxy,no,yes,13 minutes ago
165.227.214.29,80,US,United States,elite proxy,no,no,20 minutes ago
36.89.227.34,55177,ID,Indonesia,elite proxy,no,no,20 minutes ago
104.220.227.154,80,US,United States,anonymous,no,no,20 minutes ago
77.70.115.104,8080,BG,Bulgaria,elite proxy,no,no,20 minutes ago
118.174.232.128,45019,TH,Thailand,elite proxy,no,yes,20 minutes ago
41.180.65.27,43787,ZA,South Africa,elite proxy,no,no,20 minutes ago
178.63.237.47,3128,DE,Germany,elite proxy,no,no,20 minutes ago
185.44.229.227,34930,AM,Armenia,elite proxy,no,no,20 minutes ago
203.189.143.201,65309,KH,Cambodia,elite proxy,no,yes,20 minutes ago
12.238.198.26,80,US,United States,anonymous,no,no,20 minutes ago
171.6.154.12,8213,TH,Thailand,anonymous,no,no,20 minutes ago
176.113.126.127,47398,RU,Russian Federation,elite proxy,no,yes,20 minutes ago
189.206.166.12,60002,MX,Mexico,elite proxy,no,no,20 minutes ago
201.204.46.10,39371,CR,Costa Rica,elite proxy,no,no,20 minutes ago
36.67.27.189,47877,ID,Indonesia,elite proxy,no,no,20 minutes ago
85.173.165.36,46330,RU,Russian Federation,elite proxy,no,no,20 minutes ago
110.232.74.233,40661,ID,Indonesia,elite proxy,no,no,20 minutes ago
122.102.41.82,55783,ID,Indonesia,elite proxy,no,no,20 minutes ago
185.56.209.114,51386,PL,Poland,elite proxy,no,no,20 minutes ago
101.51.141.49,57977,TH,Thailand,elite proxy,no,no,20 minutes ago
96.80.89.69,8080,US,United States,elite proxy,no,yes,20 minutes ago
190.152.5.126,53040,EC,Ecuador,elite proxy,no,no,20 minutes ago
103.231.218.126,53281,IN,India,elite proxy,no,yes,21 minutes ago
117.206.83.46,39884,IN,India,elite proxy,no,yes,21 minutes ago
212.73.77.200,59763,AM,Armenia,elite proxy,no,yes,21 minutes ago
182.176.228.147,57472,PK,Pakistan,elite proxy,no,yes,21 minutes ago
176.117.255.182,53100,RU,Russian Federation,elite proxy,no,yes,21 minutes ago
107.190.148.202,50854,US,United States,elite proxy,no,yes,21 minutes ago
45.71.80.129,49070,BR,Brazil,anonymous,no,yes,21 minutes ago
103.21.163.76,6666,IN,India,elite proxy,no,yes,21 minutes ago
180.253.126.137,8080,ID,Indonesia,anonymous,no,yes,21 minutes ago
116.254.100.165,46675,ID,Indonesia,elite proxy,no,yes,21 minutes ago
118.96.242.70,53281,ID,Indonesia,elite proxy,no,yes,21 minutes ago
119.82.252.1,41714,KH,Cambodia,elite proxy,no,yes,21 minutes ago
103.250.166.16,48340,IN,India,elite proxy,no,yes,21 minutes ago
95.181.37.114,39876,RU,Russian Federation,elite proxy,no,yes,21 minutes ago
114.57.49.66,53281,ID,Indonesia,elite proxy,no,yes,21 minutes ago
148.251.200.194,1080,DE,Germany,elite proxy,no,yes,21 minutes ago
176.110.121.90,21776,RU,Russian Federation,elite proxy,no,yes,21 minutes ago
142.93.57.193,8118,US,United States,elite proxy,no,yes,21 minutes ago
85.10.219.101,1080,DE,Germany,elite proxy,no,yes,21 minutes ago
46.254.217.54,53281,RU,Russian Federation,elite proxy,no,yes,21 minutes ago
36.89.65.253,36486,ID,Indonesia,elite proxy,no,yes,21 minutes ago
83.219.1.201,41380,RU,Russian Federation,elite proxy,no,yes,21 minutes ago
139.162.78.109,8080,JP,Japan,anonymous,no,no,21 minutes ago
139.59.53.106,8080,IN,India,anonymous,no,no,21 minutes ago
139.59.109.156,3128,SG,Singapore,anonymous,no,no,21 minutes ago
195.225.49.134,58302,UA,Ukraine,elite proxy,no,no,21 minutes ago
188.226.141.127,3128,NL,Netherlands,anonymous,no,no,21 minutes ago
162.243.107.120,8080,US,United States,anonymous,no,no,21 minutes ago
139.59.99.234,8080,SG,Singapore,anonymous,no,no,21 minutes ago
45.55.27.161,3128,US,United States,anonymous,no,no,21 minutes ago
119.252.168.54,53281,ID,Indonesia,elite proxy,no,no,21 minutes ago
45.55.27.15,8080,US,United States,anonymous,no,no,21 minutes ago
188.226.141.211,3128,NL,Netherlands,anonymous,no,no,21 minutes ago
138.197.157.44,8080,CA,Canada,anonymous,no,no,21 minutes ago
138.68.173.29,3128,GB,United Kingdom,anonymous,no,no,21 minutes ago
188.18.54.242,60894,RU,Russian Federation,elite proxy,no,no,21 minutes ago
45.55.9.218,8080,US,United States,anonymous,no,no,21 minutes ago
103.200.93.31,80,BD,Bangladesh,elite proxy,no,no,21 minutes ago
104.248.1.178,8080,US,United States,anonymous,no,no,21 minutes ago
88.198.50.103,8080,DE,Germany,anonymous,no,no,21 minutes ago
139.59.59.63,8080,IN,India,anonymous,no,no,21 minutes ago
154.79.244.6,36521,KE,Kenya,elite proxy,no,no,21 minutes ago
200.89.178.218,3128,AR,Argentina,anonymous,no,no,21 minutes ago
91.205.218.64,80,RU,Russian Federation,anonymous,no,no,21 minutes ago
200.89.174.64,8080,AR,Argentina,anonymous,no,no,21 minutes ago
188.226.141.61,3128,NL,Netherlands,anonymous,no,no,21 minutes ago
45.70.218.102,36668,BR,Brazil,elite proxy,no,no,21 minutes ago
173.192.128.238,8123,US,United States,elite proxy,no,no,21 minutes ago
188.166.83.13,3128,NL,Netherlands,anonymous,no,no,21 minutes ago
144.217.163.138,8080,CA,Canada,anonymous,no,no,21 minutes ago
186.46.222.226,59765,EC,Ecuador,elite proxy,no,no,21 minutes ago
46.4.96.137,3128,DE,Germany,anonymous,no,no,21 minutes ago
188.166.83.34,3128,NL,Netherlands,anonymous,no,no,21 minutes ago
103.252.163.191,80,ID,Indonesia,elite proxy,no,no,21 minutes ago
190.147.137.66,59947,CO,Colombia,elite proxy,no,no,21 minutes ago
139.59.101.223,8080,SG,Singapore,anonymous,no,no,21 minutes ago
67.205.132.241,8080,US,United States,anonymous,no,no,21 minutes ago
207.154.231.213,8080,DE,Germany,anonymous,no,no,21 minutes ago
159.8.114.34,8123,FR,France,elite proxy,no,no,21 minutes ago
178.62.193.19,3128,NL,Netherlands,anonymous,no,no,21 minutes ago
174.138.54.49,8080,US,United States,anonymous,no,no,21 minutes ago
165.227.215.62,8080,US,United States,anonymous,no,no,21 minutes ago
142.93.225.86,8888,NL,Netherlands,anonymous,no,no,21 minutes ago
165.227.215.71,8080,US,United States,anonymous,no,no,21 minutes ago
72.35.40.34,8080,US,United States,elite proxy,no,yes,21 minutes ago
116.90.229.186,59602,NP,Nepal,elite proxy,no,yes,22 minutes ago
202.166.220.150,32324,NP,Nepal,elite proxy,no,yes,31 minutes ago
67.205.174.209,3128,US,United States,anonymous,no,no,31 minutes ago
162.243.108.141,3128,US,United States,anonymous,no,no,31 minutes ago
91.241.21.150,8080,IR,Iran,elite proxy,no,yes,31 minutes ago
139.59.64.9,8080,IN,India,anonymous,no,no,31 minutes ago
200.89.178.213,3128,AR,Argentina,anonymous,no,no,31 minutes ago
181.113.225.198,53281,EC,Ecuador,elite proxy,no,no,31 minutes ago
41.33.31.55,8080,EG,Egypt,elite proxy,no,yes,31 minutes ago
203.19.88.51,80,AU,Australia,anonymous,no,no,31 minutes ago
5.189.133.231,80,DE,Germany,elite proxy,no,no,31 minutes ago
